{"cameraMode":{"drawMode":0,"name":"Shaded","section":"Shading Mode"},"sceneLighting":false,"audioPlay":false,"sceneViewState":{"m_AlwaysRefresh":false,"showFog":true,"showSkybox":false,"showFlares":true,"showImageEffects":true,"showParticleSystems":true,"showVisualEffectGraphs":true,"m_FxEnabled":true},"in2DMode":false,"pivot":{"x":27.899999618530275,"y":-0.7000000476837158,"z":-2.9177870750427248},"rotation":{"x":-0.017998823896050454,"y":-0.004499257076531649,"z":-0.00008099526894511655,"w":0.9998279809951782},"size":4.526587009429932,"orthographic":false}