{"cameraMode":{"drawMode":0,"name":"Shaded","section":"Shading Mode"},"sceneLighting":true,"audioPlay":false,"sceneViewState":{"m_AlwaysRefresh":false,"showFog":true,"showSkybox":true,"showFlares":true,"showImageEffects":true,"showParticleSystems":true,"showVisualEffectGraphs":true,"m_FxEnabled":true},"in2DMode":false,"pivot":{"x":342.4179382324219,"y":341.00408935546877,"z":0.5002672672271729},"rotation":{"x":0.03596813231706619,"y":0.036569997668266299,"z":-0.0013170827878639103,"w":0.9986829161643982},"size":5606.21240234375,"orthographic":true}